organization,hand_coded_assignee_form
FMS Enterprises Ltd.,
"Samsung Display Co., Ltd.",
PHISON ELECTRONICS CORP.,
"Chilldyne, Inc.",
"Acorda Therapeutics, Inc.",
Cenex/Land O'Lakes Agronomy Company,
Chicago Mercantile Exchange Inc.,
Google LLC,
Energaire Corporation,
"Samsung Display Co., Ltd.",
"American Marine Products, Inc.",
FOSTER WHEELER ENERGIA OY,
OLYMPUS IMAGING CORP.,
BASF SE,
Kioxia Corporation,
"Ethicon, Inc.",
G.D Societa per Azioni,
"HONDA MOTOR CO., LTD.",
GN RESOUND A/S,
GOODRICH CORPORATION,
SHARP KABUSHIKI KAISHA,
Monsanto Company,
Mobil Oil Corporation,
"BOSTON SCIENTIFIC SCIMED, INC.",
"Victoria's Secret Stores, Inc.",
"Motorola, Inc.",
CANON KABUSHIKI KAISHA,
National Central University,
ZTE CORPORATION,
"Barr-Mullin, Inc.",
LuK Lamellen und Kupplungsbau Beteilgungs KG,
"UTC Fire & Security Americas Corporation, Inc.",
CORCEPT THERAPEUTICS INCORPORATED,
"NLT TECHNOLOGIES, LTD.",
Zodiac Seats US LLC,
"Golden Key Futura, Inc.",
Fort James Corporation,
General Atomics,
Arkema France,
"Fulian Precision Electronics (Tianjin) Co., LTD.",
ARTNET WORLDWIDE CORP.,
"Samsung Display Co., Ltd.",
"Furukawa Electric Co., Ltd.",
"OKURA INDUSTRIAL CO., LTD.",
"McAfee, LLC",
"Specified Equipment Systems Co., Inc.",
"GENENCOR, INC.",
CENTRE NATIONAL DE LA RECHERCHE SCIENTIFIQUE (CNRS),
WABCO GmbH,
Cypress Semiconductor Corporation,
H.C. STARCK INC.,
International Business Machines Corporation,
Telefonaktiebolaget LM Ericsson (Publ),
"Websense, LLC",
International Business Machines Corporation,
"Halliburton Energy Services, Inc.",
"HON HAI PRECISION INDUSTRY CO., LTD.",
Ciba Specialty Chemicals Corporation,
"EVALVE, INC.",
Splunk Inc.,
"Kaspersky Lab, ZAO",
"Air Products and Chemicals, Inc.",
"Marq Packaging Systems, Inc.",
The Regents of the University of California,
"American Megatrends, Inc.",
Kohler Co.,
TET Holding Ges.m.b.H,
Dow AgroSciences LLC,
"Lauren AgriSystems, Ltd.",
International Business Machines Corporation,
YETTER MANUFACTURING COMPANY,
"ALPS ELECTRIC CO., LTD.",
KAWASAKI JUKOGYO KABUSHIKI KAISHA,
"Revolution Medicines, Inc.",
FEI Company,
NEC CORPORATION,
FUJITSU LIMITED,
SEB,
Evonik Stockhausen GmbH,
Signode Industrial Group LLC,
E.I. DU PONT DE NEMOURS AND COMPANY,
"RICOH COMPANY, LTD.",
KLA-Tencor Corporation,
"NISSEI PLASTIC INDUSTRIAL CO., LTD.",
"THK CO., LTD.",
Mercedes-Benz Group AG,
Orion-Yhtyma OY,
"Dixie-Narco, Inc.",
"Kanto Chemical Co., Inc.",
Takeda Chemical Industries Ltd.,
"Micron Technology, Inc.",
NEC CORPORATION,
"Samsung Display Co., Ltd.",
Oracle International Corporation,
Apple Inc.,
International Business Machines Corporation,
Nokia Corporation,
"Samsung Display Co., Ltd.",
Kyocera Document Solutions Inc.,
"AGILENT TECHNOLOGIES, INC.",
ROBERT BOSCH GMBH,
Phillips 66 Company,
"ROHM CO., LTD.",
"BOE TECHNOLOGY GROUP CO., LTD.",
"SUMITOMO ELECTRIC INDUSTRIES, LTD.",
Washington University,
Allied Chemical Corporation,
Honeywell Information Systems Inc.,
"Actions Semiconductor Co., Ltd.",
Adobe Systems Incorporated,
"PUR Water Purification Products, Inc.",
"Samsung Display Co., Ltd.",
"Samsung Display Co., Ltd.",
WEST CORPORATION,
"Taiwan Semiconductor Manufacturing Company, Ltd.",
"Union Switch & Signal, Inc.",
"Schofield Technologies, Inc.",
"Telecom Ventures, LLC",
"Corbett Elevator Manufacturing Co., Inc.",
"Stine Seed Farm, Inc.",
Silverbrook Research Pty Ltd,
"INDUSTRY-ACADEMIC COOPERATION FOUNDATION, YONSEI UNIVERSITY",
The United States of America as represented by the Administrator of the National Aeronautics and Space Administration,
"HGCI, Inc.",
"Nippondenso Co., Ltd.",
"Power Systems Mfg., LLC",
International Business Machines Corporation,
"APPLIED MATERIALS, INC.",
INTERNATIONAL PAPER COMPANY,
"Multisorb Technologies, Inc.",
"MAX CO., LTD.",
"United States of America, as represented by the Secretary of the Navy",
"NIKE, Inc.",
"Samsung Display Co., Ltd.",
"RICOH COMPANY, LTD.",
Honeywell International Inc.,
Raytheon Company,
"NORTHSTAR MANUFACTURING CO., INC.",
BRENMILLER ENERGY LTD.,
SCHULER PRESSEN GMBH,
LG ELECTRONICS INC.,
Labrador Diagnostics LLC,
HARRIS CORPORATION,
General Foods Limited,
"Panasonic Intellectual Property Management Co., Ltd.",
YAZAKI CORPORATION,
TOSHIBA MEDICAL SYSTEMS CORPORATION,
RESEARCH IN MOTION LIMITED,
Toro Development Ltd.,
Yves Saint Laurent,
General Instrument Corporation,
Digital Equipment Corporation,
Incep Technologies,
"DS Engineering, LLC",
Tanita Corporation,
Textron Automotive Company Inc.,
"HANGZHOU GREAT STAR TOOLS CO., LTD.",
GLOBALFOUNDRIES SINGAPORE PTE. LTD.,
Korea Forest Research Institute,
Raytheon Company,
Otis Engineering Corporation,
"Uniroyal Chemical Company, Inc.",
"Amazon Technologies, Inc.",
Bayerische Motoren Werke Aktiengesellschaft,
SEW-EURODRIVE GMBH & CO.KG,
"ROHM CO., LTD.",
Edouard Dubied & Cie. (Societe Anonyme),
Trek Bicycle Corporation,
TDK CORPORATION,
QUALCOMM Incorporated,
ASAHI YUKIZAI CORPORATION,
Alibaba Group Holding Limited,
LIETUVOS SVEIKATOS MOKSLU UNIVERSITETAS,
NOTHING TECHNOLOGY LIMITED,
"Hewlett-Packard Development Company, L.P.",
Fluor Corporation,
ABB TECHNOLOGY AG,
KOMATSU LTD.,
"Second Chance Body Armor, Inc.",
"Severn Trent Water Purification, Inc.",
Dow Corning Corporation,
KABUSHIKI KAISHA TOSHIBA,
Alford Industries Inc.,
The Johns Hopkins University,
National Security Agency,
"Parallel Wireless, Inc.",
Eastman Chemical Company,
CANON KABUSHIKI KAISHA,
Cook Medical Technologies LLC,
"Halo LSI, Inc.",
"SANYO GS SOFT ENERGY CO., LTD.",
US SYNTHETIC CORPORATION,
Anritsu Company,
"GUANGDONG JUNCHI SCIENCE AND TECHNOLOGY CO., LTD.",
PANASONIC HOLDINGS CORPORATION,
NSK LTD.,
Honeywell International Inc.,
"MedAmp Electronics, LLC",
Handels Kwekerij Verheijen vof,
"PepsiCo, Inc.",
GM GLOBAL TECHNOLOGY OPERATIONS LLC,
AstraZeneca AB,
FUJIFILM Business Innovation Corp.,
YAZAKI CORPORATION,
VIRBAC,
KELLOGG BROWN & ROOT LLC,
"Shenzhen TIZE Technology Co., Ltd.",
Illinois Tool Works Inc.,
"NGK SPARK PLUG CO., LTD.",
DE' LONGHI APPLIANCES S.R.L. CON UNICO SOCIO,
Honeywell International Inc.,
"MITSUBISHI HEAVY INDUSTRIES, LTD.",
Microsoft Corporation,
"CHIA TAI TIANQING PHARMACEUTICAL GROUP CO., LTD.",
"DEFINITIVE TECHNOLOGY, LLC",
THE GOODYEAR TIRE & RUBBER COMPANY,
KAPSCH TRAFFICCOM AG,
Sperry Corp.,
"SANYO Electric Co., Ltd.",
Maryland Cup Corporation,
"Citicorp Development Center, Inc.",
"Trane International, Inc.",
"Innovation U.S.A., Inc.",
NATIONAL TSING HUA UNIVERSITY,
"UNILED LIGHTING TW., INC.",
BASF SE,
FEDERAL EXPRESS CORPORATION,
"Dynabrade, Inc.",
Abbott Laboratories,
SHARP KABUSHIKI KAISHA,
Google LLC,
"Cognitronics Imaging Systems, Inc.",
The Upjohn Co.,
Riverwood International Corporation,
"ADVANCED TECHNOLOGY & MATERIALS CO., LTD",
DEKA Products Limited Partnership,
WING YEE GEMS & JEWELLERY LIMITED,
VIBRAM S.P.A.,
"BEIJING BOE OPTOELECTRONICS TECHNOLOGY CO., LTD.",
GE Aviation Systems LLC,
"AT&T Intellectual Property I, L.P.",
"Wilson Electronics, LLC",
"NGK SPARK PLUG CO., LTD.",
AstraZeneca Pharmaceuticals LP,
"TS TECH CO., LTD.",
General Electric Company,
KADANT LAMORT,
"AT&T Intellectual Property I, L.P.",
Centroplast Sud S.R.L.,
OTIS ELEVATOR COMPANY,
"Dresser Industries, Inc.",
"CHANG CHUN PETROCHEMICAL CO., LTD.",
AMCOL INTERNATIONAL CORPORATION,
FINISAR CORPORATION,
Baylor College of Medicine,
CALIFORNIA INSTITUTE OF TECHNOLOGY,
Intel Corporation,
"Commvault Systems, Inc.",
CANON KABUSHIKI KAISHA,
MediaTek Inc.,
SmithKline & French Laboratories Ltd.,
COVIDIEN LP,
Masonite International Corporation,
"SANYO Electric Co., Ltd.",
"DREAMGEAR, LLC",
Google LLC,
Infineon Technologies AG,
"Tanabe Seiyaku Co., Ltd.",
"Samsung Display Co., Ltd.",
MASSACHUSETTS INSTITUTE OF TECHNOLOGY,
CANON KABUSHIKI KAISHA,
General Electric Company,
"Currier Piano Company, Inc.",
Novo Nordisk A/S,
"YAHOO HOLDINGS, INC.",
NEWFREY LLC,
Texas Instruments Incorporated,
Brother Kogyo Kabushiki Kaisha,
Ledermann GmbH,
CONOCOPHILLIPS COMPANY,
SUN TOOL CORPORATION,
Johnson Controls Technology Company,
"Samsung Display Co., Ltd.",
"Vista Precision Solutions, Inc.",
"FUJITEC CO., LTD.",
"Primary Delivery Systems, Inc.",
International Business Machines Corporation,
"WUXI ESIONTECH CO., LTD.",
"Buckman Laboratories International, Inc.",
Schaeffler KG,
SIEMENS AKTIENGESELLSCHAFT,
HITACHI MEDICAL CORPORATION,
Sarantel Limited,
"Ford Global Technologies, LLC",
"ClearMotion, Inc.",
Mirada Technologies Inc.,
"Amazon Technologies, Inc.",
Eaton Corporation,
KING FAHD UNIVERSITY OF PETROLEUM AND MINERALS,
"NWT HOLDINGS, LLC.",
International Business Machines Corporation,
"Frank's Casing Crew and Rental Tools, Inc.",
Lockheed Martin Corporation,
"Kasei Optonix, Ltd.",
United States Department of Energy,
"Micron Technology, Inc.",
Nanchang Hangkong University,
CANON KABUSHIKI KAISHA,
"SANYO Electric Co., Ltd.",
"HUAWEI TECHNOLOGIES CO., LTD.",
"Mitsubishi Mining & Cement Co., Ltd.",
Masimo Corporation,
Celligence International LLC,
"HONDA MOTOR CO., LTD.",
The Dial Corporation,
"NISSAN MOTOR CO., LTD.",
Arkex Limited,
RITE-HITE HOLDING CORPORATION,
SHARP KABUSHIKI KAISHA,
RCA Thomson Licensing Corporation,
A Johnson Metals Corporation,
FUJITSU SEMICONDUCTOR LIMITED,
Microsoft Corporation,
"APPLIED MATERIALS, INC.",
General Electric Company,
"NISSAN MOTOR CO., LTD.",
NEC CORPORATION,
"3rd Rock Sunblock, Inc.",
Tokyo Shibaura Electric,
Eastman Chemical Company,
"FUJI XEROX CO., LTD.",
Yasutoshi Muto,
"MITSUBISHI HEAVY INDUSTRIES, LTD.",
"Samsung Display Co., Ltd.",
"Artisan Components, Inc.",
Microsoft Corporation,
Thyssenkrupp AG,
"Micron Technology, Inc.",
"LG CHEM, LTD.",
Techtronic Industries Co. Ltd.,
CANON KABUSHIKI KAISHA,
Hydro-Craft Inc.,
BENTELER AUTOMOBILTECHNIK GMBH,
X Development LLC,
Dell Products L.P.,
CHIPBOND TECHNOLOGY CORPORATION,
"SUMITOMO ELECTRIC INDUSTRIES, LTD.",
"Taiwan Semiconductor Manufacturing Company, Ltd.",
"HON HAI PRECISION INDUSTRY CO., LTD.",
Societe Nationale Elf Acquitaine (Production),
Daewoo Electronics Corporation,
Papst Licensing GmbH,
"The Kansai Electric Power Co., Inc.",
Mechanical Tool & Engineering Co.,
UNIVERSITY OF UTAH RESEARCH FOUNDATION,
"Amazon Technologies, Inc.",
State Farm Mutual Automobile Insurance Company,
Internationale Octroi Maatschappij Octropa B.V.,
"Varian, Inc.",
Plastedil S.A.,
TOTAL RESEARCH & TECHNOLOGY FELUY,
Clarke Industrial Engineering Inc.,
Sulzer Brothers Limited,
EXXON MOBIL RESEARCH AND ENGINEERING COMPANY,
General Electric Company,
Banyu Pharmaceutical Co. Ltd,
"Capital One Services, LLC",
"PIONEER HI-BRED INTERNATIONAL, INC.",
Apple Inc.,
"Chwen Ho Chuang Co., Ltd.",
AT&T CORP.,
"Fiber SenSys, Inc.",
"STATS ChipPAC, Ltd.",
"E. MISHAN & SONS, INC.",
Hebel Aktiengesellschaft,
"Taiwan Semiconductor Manufacturing Company, Ltd.",
L'OREAL,
TOSHIBA ELECTRONIC DEVICES & STORAGE CORPORATION,
KOMATSU LTD.,
BlackBerry Limited,
NATIONAL UNIVERSITY CORPORATION TOKYO MEDICAL AND DENTAL UNIVERSITY,
Firmenich SA,
"Nokomis, Inc",
SONY CORPORATION,
The Dow Chemical Company,
Cardio Precision Limited,
ELECTRONICS AND TELECOMMUNICATIONS RESEARCH INSTITUTE,
Methane Drainage Ventures,
Ford Motor Company,
"NISSAN MOTOR CO., LTD.",
"Agiltron, Inc.",
"SUMITOMO ELECTRIC INDUSTRIES, LTD.",
"NEW YORK AIR BRAKE, LLC",
Atlantic Richfield Company,
"Microsoft Technology Licensing, LLC",
E.I. DU PONT DE NEMOURS AND COMPANY,
Mazda Motor Manufacturing (USA) Corporation,
"HEFEI HUALING CO., LTD",
"Walton Industries, Inc.",
Lemon Inc.,
Caterpillar Inc.,
COVIDIEN LP,
Department of Health and Human Services,
"Tomy Kogyo Co., Ltd.",
"HITACHI, LTD.",
TSINGHUA UNIVERSITY,
THE UNIVERSITY OF AKRON,
International Business Machines Corporation,
Fette Compacting GmbH,
"MILESTONE ENTERTAINMENT, LLC",
Ina Schaeffler KG,
CHIMEI INNOLUX CORPORATION,
"CISCO TECHNOLOGY, INC.",
Google LLC,
Lasertec Corporation,
Yoshida Kogyo K.K.,
YAZAKI CORPORATION,
"Carver Edison, Inc.",
"WARSAW ORTHOPEDIC, INC.",
STMICROELECTRONICS S.r.l.,
Sony Olympus Medical Solutions Inc.,
"Spectrum Diversified Designs, LLC",
CYTYC CORPORATION,
Sauder Manufacturing Co.,
"Axcelis Technologies, Inc.",
The Mead Corporation,
"Amerimas Home Products, Inc.",
Fraunhofer-Gesellschaft zur Foerderung der angewandten Forschung e.V.,
"Luxtera, Inc.",
"Microsoft Technology Licensing, LLC",
PATRYSBERG CITRUS (PTY) LTD,
3M Innovative Properties Company,
BAE Systems plc,
ENI S.P.A.,
PFIZER INC.,
"Alert Safety Lite Products Co., Inc.",
"TROPARE, INC.",
"Micron Technology, Inc.",
UNIVERSITY OF CENTRAL FLORIDA RESEARCH FOUNDATION,
DOOSAN CORPORATION,
"NEW JAPAN CHEMICAL CO., LTD.",
ARPER S.P.A.,
"Rolls-Royce North American Technologies, Inc.",
Stander Inc.,
Dell Products L.P.,
"ASTENJOHNSON, INC.",
"Konica Minolta Photo Imaging, Inc.",
"Samsung Display Co., Ltd.",
"CISCO TECHNOLOGY, INC.",
"CISCO TECHNOLOGY, INC.",
Voith Patent GmbH,
Kabushiki Kaisha Sega Enterprises,
Apple Inc.,
"McDermott, Rosanna C.",
"Biomet Manufacturing, LLC",
Electroplating Engineers of Japan Limited,
International Business Machines Corporation,
ORGANOCLICK AB,
BOSTON SCIENTIFIC LIMITED,
"AOL LLC, A Delaware Limited Liability Company",
"Exact Sciences Development Company, LLC",
NESTEC S.A.,
"Maploca of Illinois, Inc.",
Nippon Mining Company Limited,
Nerudia Limited,
National Starch & Chemical Company,
SIEMENS AKTIENGESELLSCHAFT,
"KDR of Oregon, LLC",
Unette Corporation,
"Microlin, LLC",
"ASAHI GLASS CO., LTD.",
"Airxchange, Inc.",
TOYOTA JIDOSHA KABUSHIKI KAISHA,
Tokyo Shibaura Denki Kabushiki Kaisha,
BAYER HEALTHCARE LLC,
American Filtrona Corporation,
Canon Europa NV,
"Chiun Mai Communication Systems, Inc.",
"Acorda Therapeutics, Inc.",
"Estech Systems, Inc.",
SPREE HYBRID & KOMMUNIKATIONSTECHNIK GMBH,
JILIN UNIVERSITY,
INSTITUT PASTEUR,
"Hefei Xinsheng Optoelectronics Technology Co., Ltd.",
Melard Manufacturing Corp.,
"Spectra Group Limited, Inc.",
Apple Inc.,
"Motorola, Inc.",
"Samsung Display Co., Ltd.",
"PIONEER HI-BRED INTERNATIONAL, INC.",
ZTE CORPORATION,
BEIJING SAMSUNG TELECOM R&D CENTER,
"Retail Inkjet Solutions, Inc.",
The United States of America,
"Level 3 Communications, LLC",
"HITACHI, LTD.",
SHARKNINJA OPERATING LLC,
The Trustees of the University of Pennsylvania,
"Fuji Photo Optical Co., Ltd.",
"Citrix Systems, Inc.",
TEAM WORLDWIDE CORPORATION,
Deere & Company,
Intel Corporation,
"AMERICAN INTERNATIONAL GROUP, INC.",
International Business Machines Corporation,
"INPAQ TECHNOLOGY CO., LTD.",
Silverbrook Research Pty Ltd,
RCA Corporation,
"RICOH COMPANY, LTD.",
UNIVERSITEIT VAN AMSTERDAM,
General Electric Company,
International Shoe Machine Corporation,
The Western States Machine Company,
Firmenich SA,
Abbott Point of Care Inc.,
Google LLC,
Hewlett-Packard Company,
"Nereus Pharmaceuticals, Inc.",
QUALCOMM Incorporated,
Microsoft Corporation,
BASF SE,
EMORY UNIVERSITY,
Parker-Hannifan Corporation,
U.S. Department of Energy,
Atlantic Richfield Company,
Avery Dennison Corporation,
"Kimberly-Clark Worldwide, Inc.",
The Rockefeller University,
"TeraDiode, Inc.",
Hyundai Motor Company,
"SANYO Electric Co., Ltd.",
"Micron Technology, Inc.",
Nokia Technologies Oy,
"Apcom, Inc.",
"SKF Industrial Trading & Development Company, B.V.",
SIEMENS AKTIENGESELLSCHAFT,
Bayerische Motoren Werke Aktiengesellschaft,
Symantec Corporation,
"Service Management Group, LLC",
Oracle International Corporation,
Testarossa Incorporated,
EASTMAN KODAK COMPANY,
"Semiconductor Energy Laboratory Co., Ltd.",
"PIONEER HI-BRED INTERNATIONAL, INC.",
Proclus Technologies Limited,
INFINIDAT LTD.,
University of Washington,
E.I. DU PONT DE NEMOURS AND COMPANY,
"Ford Global Technologies, LLC",
Detection Systems Pty Ltd,
Newa Tecno Industria S.R.L.,
"Medtronic MiniMed, Inc.",
"HITACHI, LTD.",
TOKYO ELECTRON LIMITED,
"Round Rock Research, LLC",
FUJIFILM Corporation,
Deere & Company,
The Trustees of the University of Pennsylvania,
PIONEER CORPORATION,
"ELPIDA MEMORY, INC.",
"HITACHI, LTD.",
PACCAR Inc,
"MERCK & CO., INC.",
Bank of America Corporation,
International Business Machines Corporation,
TECAN TRADING AG,
Linde GmbH,
Irwin Industrial Tool Company,
"ParkerVision, Inc.",
"Technostaal Schouten, Inc.",
The Dow Chemical Company,
Texas Instruments Incorporated,
"WestRock Shared Services, LLC",
"Mitsui Mining & Smelting Co., Ltd.",
MICHELIN RECHERCHE ET TECHNIQUE S.A.,
"MITSUBISHI HEAVY INDUSTRIES, LTD.",
TAKEDA PHARMACEUTICAL COMPANY LIMITED,
CROCUS TECHNOLOGY SA,
SAP AG,
"AGILENT TECHNOLOGIES, INC.",
"Zhengzhou DYU Technology Co., Ltd.",
CORNING INCORPORATED,
Radiant Power Corp.,
CANON KABUSHIKI KAISHA,
"SKF Industrial Trading & Development Company, B.V.",
LG ELECTRONICS INC.,
Hyundai Motor Company,
NEW YORK UNIVERSITY,
"LIPPERT COMPONENTS, INC.",
"Taiwan Semiconductor Manufacturing Company, Ltd.",
"State of Oregon, acting by and through the Oregon State Board of Higher",
"QUALICAPS CO., LTD.",
Innovision Research & Technology PLC,
The Johns Hopkins University,
SHARP KABUSHIKI KAISHA,
"Motorola, Inc.",
CANON KABUSHIKI KAISHA,
Freudenberg-NOK General Partnership,
ELKEM ASA,
KYOCERA CORPORATION,
TECAN TRADING AG,
Intelligent Energy Inc.,
"MURATA MANUFACTURING CO., LTD.",
"SANYO Electric Co., Ltd.",
"HITACHI, LTD.",
"SAND Investment Holdings, LLC",
NOVAMONT S.P.A.,
"Siemens Information and Communication Networks, Inc.",
"Humphrey Instruments, Inc.",
"Murata Machinery, Ltd.",
"Tektronix, Inc.",
Fisons plc,
Sun-Maid Growers of California,
Uinta Brewing Company,
FANUC CORPORATION,
"COLORMATRIX HOLDINGS, INC.",
Graco Minnesota Inc.,
Whirlpool Corporation,
"Bell Sports, Inc.",
GEKOROSSO S.r.l. SEMPLIFICATA,
"Motorola, Inc.",
"ShenZhen YiHong Technology CO., LTD",
"SuperPower, Inc.",
"SHIONOGI & CO., LTD.",
CANON KABUSHIKI KAISHA,
"Matsushita Electric Works, Ltd.",
"WESTERN DIGITAL TECHNOLOGIES, INC.",
Vergics Corporation,
"NIPPON SOKEN, INC.",
"KOITO MANUFACTURING CO., LTD.",
NIPPON STEEL CORPORATION,
Konica Corporation,
"RATAS INVESTMENTS, INC.",
HTC Corporation,
"Shenzhen China Star Optoelectronics Technology Co., Ltd.",
"Yamanouchi Pharmaceutical Co., Ltd.",
UNICHARM CORPORATION,
Eastern Oil Tools Pte Ltd.,
Cafe 98 Industries Ltd.,
"Regeneron Pharmaceuticals, Inc.",
G.D. Searle LLC,
Ing. Erich Pfeiffer GmbH & Co KG,
JTEKT CORPORATION,
"Samsung Display Co., Ltd.",
Bayerische Motoren Werke Aktiengesellschaft,
Motorola Canada Limited,
New England Deaconess Hospital Corporation,
DELTA FAUCET COMPANY,
"Motorola, Inc.",
"Spectra Physics Lasers, Inc.",
Seiko Epson Corporation,
University of Southern California,
Imperial Chemical Industries PLC,
SYRACUSE CHINA COMPANY,
"Kaiser Steel (Delaware), Inc.",
3M Innovative Properties Company,
"New Japan Radio Co., Ltd.",
Linde GmbH,
"Electronic Warfare Associates, Inc.",
LP-Research Inc.,
Troy-CSL Lighting Inc.,
Harris Graphics,
PANTECH CORPORATION,
"Alliance for Sustainable Energy, LLC",
The Dow Chemical Company,
Unified Compliance Framework (Network Frontiers),
ELECTRONICS AND TELECOMMUNICATIONS RESEARCH INSTITUTE,
SLOAN-KETTERING INSTITUTE FOR CANCER RESEARCH,
"Ostendo Technologies, Inc.",
InEVit LLC,
"Moore U.S.A., Inc.",
"Samsung Display Co., Ltd.",
Yamaha Marine Kabushiki Kaisha,
SK hynix Inc.,
PIRELLI & C. S.P.A.,
Deere & Company,
Reckitt & Colman Products Limited,
STC PLC,
Visa U.S.A. Inc.,
ELCAM MEDICAL AGRICULTURAL COOPERATIVE ASSOCIATION LTD,
Momentive Performance Materials GmbH,
"VARCO I/P, INC.",
Thompson-Hayward Chemical Company,
"Complete Genomics, Inc.",
QUALCOMM Incorporated,
Sony Precision Engineering Center (Singapore) PTE Ltd.,
"SUMITOMO BAKELITE CO., LTD.",
University of Massachusetts,
CANON KABUSHIKI KAISHA,
Silverbrook Research Pty Ltd,
Novelis Inc.,
CAMPAGNOLO S.r.l.,
CANON KABUSHIKI KAISHA,
"Multi Packaging Solutions, Inc.",
"ACTA Technologies, Inc.",
Tecumseh Products Company,
Somich Technology Inc.,
Lilliwyte Societe Anonyme,
5TH TIER LIMITED,
"Slaughter Knife Co., Inc.",
VIB VZW,
MAKITA CORPORATION,
Ed. Zublin Aktiengesellschaft,
KEIHIN CORPORATION,
"Ozaki Pleats Co., Ltd.",
"Medtronic, Inc.",
Bradley Corporation,
Bruker BioSpin GmbH,
"FLEXTRONICS AP, LLC.",
Torque-Traction Technologies LLC,
"IHARA CHEMICAL INDUSTRY CO., LTD.",
"Semiconductor Energy Laboratory Co., Ltd.",
CANON KABUSHIKI KAISHA,
Massachusetts Eye and Ear Infirmary,
Himax Technologies Limited,
"SHINKO ELECTRIC INDUSTRIES CO., LTD.",
"Snap-On Technologies, Inc.",
"SMITH INTERNATIONAL, INC.",
International Business Machines Corporation,
"Truss Technologies, Inc.",
NVIDIA Corporation,
United States Department of Energy,
Life Technologies Corporation,
Intel Corporation,
"Samsung Display Co., Ltd.",
NATIONAL INSTITUTE OF INFORMATION AND COMMUNICATIONS TECHNOLOGY,
"Samsung Display Co., Ltd.",
"Samsung Display Co., Ltd.",
"Morton International, Inc.",
"Semiconductor Energy Laboratory Co., Ltd.",
CAROMA INDUSTRIES LIMITED,
International Business Machines Corporation,
TUHH Technologie gmbH,
International Business Machines Corporation,
EVERNOTE CORPORATION,
"MITSUBISHI HITACHI POWER SYSTEMS, LTD.",
"The United States of America, as represented by the Secretary, Department of Health and Human Services",
"GURUNANDA, LLC",
"BioCut, LLC",
"Tangoe, Inc.",
"Tektronix, Inc.",
NIKON CORPORATION,
"Bio-Con Labs, Inc.",
International Business Machines Corporation,
Bertrams Dehydrat AG,
Bendix Limited,
"Tri-Technologies, Inc.",
"Walmart Apollo, LLC",
Telefonaktiebolaget LM Ericsson (Publ),
Nippon Kogaku K.K.,
REALTEK SEMICONDUCTOR CORP.,
KABUSHIKI KAISHA TOYOTA JIDOSHOKKI,
Thomson-CSF,
Volkswagenwerk AG,
Seiko Epson Corporation,
Last Yard Pty Ltd,
"TABATA CO., LTD.",
"Micron Technology, Inc.",
Schaetti AG,
Silverbrook Research Pty Ltd,
"Continental Automotive Systems, Inc.",
NCR Corporation,
Ericsson AB,
Microsoft Corporation,
Alibaba Group Holding Limited,
"Samsung Display Co., Ltd.",
SRI SPORTS LIMITED,
Faxe Design A/S,
Newell Operating Co.,
"MARUBISHI OIL CHEMICAL CO., LTD.",
"RICOH COMPANY, LTD.",
"SUMITOMO RUBBER INDUSTRIES, LTD.",
EXOGENESIS CORPORATION,
COMPUGEN LTD.,
"DELTA ELECTRONICS, INC.",
"ROHM CO., LTD.",
"TOYO TIRE & RUBBER CO., LTD.",
SEAGATE TECHNOLOGY LLC,
"BOE TECHNOLOGY GROUP CO., LTD.",
"WEATHERFORD TECHNOLOGY HOLDINGS, LLC",
"Ashland Oil, Inc.",
Detects Inc.,
TECHNISCHE UNIVERSITEIT DELFT,
"Scientific Component Systems, Inc.",
"Isis Pharmaceuticals, Inc.",
"Siemesn Corporate Research, Inc.",
Arrayjet Limited,
"SHIN-ETSU CHEMICAL CO., LTD.",
IMPERIAL TOBACCO LIMITED,
"Physicians Formula Cosmetics, Inc.",
"Telcordia Technologies, Inc.",
International Business Machines Corporation,
"TS TECH CO., LTD.",
The Board of Trustees of the Leland Stanford Junior University,
Seiko Epson Corporation,
"FUJI XEROX CO., LTD.",
TOSHIBA MITSUBISHI-ELECTRIC INDUSTRIAL SYSTEMS CORPORATION,
Fiberglas Canada Inc.,
University of Notre Dame du Lac,
LG ELECTRONICS INC.,
"Hill-Rom Services, Inc.",
HER MAJESTY THE QUEEN IN RIGHT OF CANADA AS REPRESENTED BY THE MINISTER OF AGRICULTURE AND AGRI-FOOD,
"Upton Industries, Inc.",
International Business Machines Corporation,
Ixia,
Xerox Corporation,
BASF SE,
"ZHANGYUE TECHNOLOGY CO., LTD.",
Silhouette International Schmied GmbH and Co. KG,
MAZDA MOTOR CORPORATION,
"King of Fans, Inc.",
Meteor Lite Corporation,
"Facebook Technologies, LLC",
"NIKE, Inc.",
"Aero Aggregates of North America, LLC",
Cybor Corporation,
"XILINX, INC.",
"ROHM CO., LTD.",
Henderson Manufacturing Company,
"KOITO MANUFACTURING CO., LTD.",
Corning Optical Communications LLC,
"MAGNA POWERTRAIN USA, INC.",
"SIWARD CRYSTAL TECHNOLOGY CO., LTD.",
"AT&T INTELLECTUAL PROPERTY II, L.P.",
"KANSAI PAINT CO., LTD.",
Cane & Able Limited,
LG ELECTRONICS INC.,
"XILINX, INC.",
CANON KABUSHIKI KAISHA,
"OCV Intellectual Capital, LLC",
THE GOODYEAR TIRE & RUBBER COMPANY,
Ethyl Products Company,
"Sciteq Electronics, Inc.",
CNH Industrial America LLC,
"NIPPON SHOKUBAI CO., LTD.",
Karibu Invest,
NORWEGIAN UNIVERSITY OF SCIENCE AND TECHNOLOGY NTNU,
IMMERSION CORPORTION,
PRATT & WHITNEY CANADA CORP.,
CANON KABUSHIKI KAISHA,
KABUSHIKI KAISHA TOSHIBA,
CANON KABUSHIKI KAISHA,
Department of Health and Human Services,
United States of America as represented by the Secretary of the Air Force,
LUCENT TECHNOLOGIES INC.,
KOPIN CORPORATION,
SHANDONG AGRICULTURAL UNIVERSITY,
RICHEMONT INTERNATIONAL SA,
SIKORSKY AIRCRAFT CORPORATION,
EUROPEAN AERONAUTIC DEFENCE AND SPACE COMPANY EADS FRANCE,
"International Truck Intellectual Property Company, LLC",
Daewoo Electronics Corporation,
Atochem,
"Samsung Display Co., Ltd.",
Sarnoff Corporation,
Kaman Aerospace Corporation,
EASTMAN KODAK COMPANY,
International Business Machines Corporation,
Monsanto Technology LLC,
"TORAY INDUSTRIES, INC.",
Zoldia Anstalt,
Rigaku Industrial Corporation,
"Hewlett-Packard Development Company, L.P.",
ZIVA CORP.,
Kia Motors Corporation,
EDWARDS LIFESCIENCES CORPORATION,
TENCENT TECHNOLOGY (SHENZHEN) COMPANY LIMITED,
A.O. Smith Corporation,
"MITSUBISHI HEAVY INDUSTRIES, LTD.",
"SUMITOMO ELECTRIC INDUSTRIES, LTD.",
Callaway Golf Company,
Microsoft Corporation,
"Dell Products, LP",
NEC CORPORATION,
"VENTURE PRODUCTS, INC.",
"Disney Enterprises, Inc.",
R-Way Furniture Company,
Masco Corporation of Indiana,
The United States of America as represented by the Administrator of the National Aeronautics and Space Administration,
AIRBUS HELICOPTERS,
Monsanto Company,
"SUMITOMO ELECTRIC INDUSTRIES, LTD.",
YAZAKI CORPORATION,
"Antonio Puig, S.A.",
"NISSAN MOTOR CO., LTD.",
"Ping An Technology (Shenzhen) Co., Ltd.",
TRW LIMITED,
"ADC Telecommunications, Inc.",
"MoneyGram International, Inc.",
General Electric Company,
"HITACHI MAXELL, LTD.",
THE BOARD OF THE LELAND STANFORD JUNIOR UNIVERSITY,
The Johns Hopkins University,
Astellas Pharma Inc.,
ElectroCom Gard Ltd.,
"HITACHI, LTD.",
Mando Climate Control Corporation,
K-2 Corporation,
"Apollo Neuroscience, Inc.",
Lighing Science Group Corporation,
InnoLux Corporation,
"Colt Industries, Inc.",
SIEMENS AKTIENGESELLSCHAFT,
SORD TECHNOLOGIES LIMITED,
ASM Japan K.K.,
Sidel,
"Algae Systems, LLC",
Intel Corporation,
COMPTAKE TECHNOLOGY INC.,
"Semiconductor Energy Laboratory Co., Ltd.",
"D.E. Shaw Research, LLC",
Thomson Consumer Electronics,
SRI International,
GETRAG Getriebe- und Zahnradfabrik Hermann Hagenmeyer GmbH & Cie KG,
"ELEMENTIS SPECIALTIES, INC.",
"Motorola, Inc.",
Apple Inc.,
International Business Machines Corporation,
"PEARSON EDUCATION, INC.",
"Tokyo Electric Power Company Holdings, Incorporated",
"HITACHI, LTD.",
"Cutter Laboratories, Inc.",
Videocolor S.p.A.,
"E-LEAD ELECTRONICS CO., LTD.",
TOYOTA JIDOSHA KABUSHIKI KAISHA,
"HONDA MOTOR CO., LTD.",
Matsushita Electronics Corporation,
UNIVERSITY OF OTTAWA,
BASF SE,
CANON KABUSHIKI KAISHA,
"Motorola, Inc.",
"MITSUBISHI HEAVY INDUSTRIES, LTD.",
Honeywell International Inc.,
Kubota Corporation,
E.C.L.,
Telefonaktiebolaget LM Ericsson (Publ),
BORGWARNER INC.,
Purdue Pharma L.P.,
Metal Fabricating Corporation,
Timex Group B.V.,
"HITACHI, LTD.",
DISCO CORPORATION,
"Kyocera International, Inc.",
"RICOH COMPANY, LTD.",
University of Massachusetts Medical Center,
CANON KABUSHIKI KAISHA,
Rapt IP Limited,
Motorola Mobility LLC,
Thomson Licensing,
3M Innovative Properties Company,
FUJITSU LIMITED,
GLOBALFOUNDRIES INC.,
"AGILENT TECHNOLOGIES, INC.",
TPK Touch Systems (Xiamen) Inc.,
"InnoMed Healthscience, Inc.",
KONINKLIJKE PHILIPS N.V.,
"LG INNOTEK CO., LTD.",
"PAMELA, INC.",
DRAGERWERK AKTIEGESELLSCHAFT,
Monsanto Company,
"NISSAN MOTOR CO., LTD.",
ACCO Brands Corporation,
RUD KETTEN RIEGER & DIETZ GMBH U. CO. KG,
INTERNATIONAL PAPER COMPANY,
UNIVERSAL DISPLAY CORPORATION,
Google LLC,
"Imtran Industries, Inc.",
Tokyo Shibaura Denki Kabushiki Kaisha,
GN AUDIO A/S,
Atsugi Unisia Corporation,
BRIDGESTONE CORPORATION,
Friedrich Mauerer Sohne GmbH & Co. KG,
Westinghouse Electric Company LLC,
ExxonMobil Chemical Patents Inc.,
FUJITSU LIMITED,
"Victor Company of Japan, Ltd.",
Thyssenkrupp AG,
"Covaris, LLC",
"RH US, LLC",
Karl Storz GmbH & Co. KG,
KOHLER MIRA LIMITED,
Ivanhoe Energy Inc.,
Irvine Sensors Corp.,
ROBERT BOSCH GMBH,
Seiko Epson Corporation,
Centre Electronique Horloger S.A.,
"NGK SPARK PLUG CO., LTD.",
Cooper Technologies Company,
SK hynix Inc.,
CNH AMERICA LLC,
CANON KABUSHIKI KAISHA,
Oracle International Corporation,
ROBERT BOSCH GMBH,
"SK Biopharmaceuticals Co., Ltd.",
Dynamit Nobel GmbH,
"HONDA MOTOR CO., LTD.",
Marvell International Ltd.,
UNITED TECHNOLOGIES CORPORATION,
"BANDO CHEMICAL INDUSTRIES, LTD.",
CLEARPATH ROBOTICS INC.,
"Carillon Technology, Inc.",
"Samsung Display Co., Ltd.",
SK hynix Inc.,
Lutron Technology Company LLC,
K-2 Corporation,
"NXP USA, INC.",
Heidelberger Druckmaschinen AG,
NAGRAVISION S.A.,
"NIKE, Inc.",
Studsvik Energiteknik AB,
"HITACHI, LTD.",
KENNAMETAL INC.,
Israel Aircraft Industries Ltd.,
Greenwave Reality PTE Ltd,
"AGENCY FOR SCIENCE, TECHNOLOGY AND RESEARCH",
EMAGIN CORPORATION,
"AMS Research, LLC",
Tyco Electronics Componentes Electromecanicos Lda.,
Grohe AG,
Institut Fran.cedilla.ais du Petrole,
"Micron Technology, Inc.",
"BOE TECHNOLOGY GROUP CO., LTD.",
"NIPPON ELECTRIC CO., LTD.",
Federal-Mogul LLC,
"Acciai Speciali Terni, S.p.A.",
"MURATA MANUFACTURING CO., LTD.",
HYDROGENICS CORPORATION,
"Hewlett-Packard Development Company, L.P.",
Suncall Corporation,
LG ELECTRONICS INC.,
Chemische Werke Huls Aktiengesellschaft,
"Sonon, Inc.",
"Comcast Interactive Media, LLC",
"Chemipro Kasei Kaisha, Ltd.",
Hyundai Motor Company,
W.F. Valentine & Co.,
National Distillers and Chemical Corporation,
QUALCOMM Incorporated,
Lernout & Hauspie Speech Products N.V.,
Three Phoenix Company,
"CASIO COMPUTER CO., LTD.",
"General Dynamics Corporation, Electronics Division",
Baker Hughes Holdings LLC,
Integrant Technologies Inc.,
CHEVRON U.S.A. INC.,
"Semiconductor Energy Laboratory Co., Ltd.",
"NOVADAQ TECHNOLOGIES, INC.",
Seiko Epson Corporation,
GEORGIA SOUTHERN UNIVERSITY,
"Advent Software, Inc.",
Honeywell International Inc.,
COMMISSARIAT A L'ENERGIE ATOMIQUE,
CANON KABUSHIKI KAISHA,
Ciba-Geigy,
"Samsung Display Co., Ltd.",
"CISCO TECHNOLOGY, INC.",
CCS Technology Corporation,
"MIPS Technologies, Inc.",
Baker Hughes Holdings LLC,
Archers Inc.,
Google LLC,
A. Ahlstrom Corporation,
"YETI Coolers, LLC",
NUVO GROUP LTD.,
Hewlett Packard Enterprise Development LP,
The Procter and Gamble Company,
AISIN SEIKI KABUSHIKI KAISHA,
Hopkins Manufacturing Corporation,
BAYER HEALTHCARE LLC,
"Den-Con Electronics, Inc.",
THE LUBRIZOL CORPORATION,
NEC CORPORATION,
SHARP KABUSHIKI KAISHA,
"Sandstone Media, LLC",
DENSO CORPORATION,
Seiko Epson Corporation,
Waldemar Link GmbH & Co. KG,
"Ford Global Technologies, LLC",
"EXCEL-LENS, Inc.",
HAMILTON SUNDSTRAND CORPORATION,
"FOSBEL, INC.",
INTELLIGENT ELECTRONIC SYSTEMS,
"Sumitomo Wiring Systems, Ltd.",
Remington Products Company,
SANMINA-SCI CORPORATION,
SONY CORPORATION,
Pyxis.AI,
"G1 Sciences, LLC",
"OnTrak Systems, Inc.",
SONY CORPORATION,
NKT Flexibles I/S,
Gilead Pharmasset LLC,
Texas Instruments Incorporated,
"Lynntech, Inc.",
"Scimed Life Systems, Inc.",
"Daesung Electric Co., Ltd.",
SIEMENS AKTIENGESELLSCHAFT,
"Ford Global Technologies, LLC",
"IAM Robotics, LLC",
"AT&T Intellectual Property I, L.P.",
"INSCRIPTA, INC.",
"GUTTERGLOVE, INC.",
Conti Temic microelectronic GmbH,
FOXCONN INTERCONNECT TECHNOLOGY LIMITED,
"Microsoft Technology Licensing, LLC",
"IBIDEN CO., LTD.",
HUGHES ELECTRONICS LIMITED,
TOTAL SA,
"Geltex Pharmaceuticals, Inc.",
Apple Inc.,
Kubota Corporation,
"Samsung Display Co., Ltd.",
International Business Machines Corporation,
International Business Machines Corporation,
Laurus Labs Limited,
International Business Machines Corporation,
International Business Machines Corporation,
Lynes Holdings S.A.,
"G&H Technology, Inc.",
INTERNATIONAL PLANT PROPAGATION TECHNOLOGY LTD,
"DAIKIN INDUSTRIES, LTD.",
Analogic Corporation,
Baker Hughes Holdings LLC,
"VMware, Inc.",
"Zero Motorcycles, Inc.",
NOK CORPORATION,
BAYER HEALTHCARE LLC,
"Semiconductor Energy Laboratory Co., Ltd.",
HERE GLOBAL B.V.,
"SAMTEC, INC.",
"Hewlett-Packard Development Company, L.P.",
KEYMED (MEDICAL & INDUSTRIAL EQUIPMENT) LIMITED,
CATALER CORPORATION,
GM GLOBAL TECHNOLOGY OPERATIONS LLC,
"Hewlett-Packard Development Company, L.P.",
Microsoft Corporation,
Carl Zeiss Stiftung,
"HDL Therapeutics, Inc.",
"THE DELFIELD COMPANY, LLC",
DYWIDAG-SYSTEMS INTERNATIONAL GMBH,
"MITSUBISHI HEAVY INDUSTRIES, LTD.",
Rensselaer Polytechnic Institute,
Rockwell International Corporation,
"Samsung Display Co., Ltd.",
Emhart Inc.,
"Ford Global Technologies, LLC",
Infineon Technologies AG,
"PIXART IMAGING INCORPORATION, R.O.C.",
Banner Beverage Systems Company,
Philip Morris Products S.A.,
The Don Marshall Co.,
NAMLAB GGMBH,
"NANOGEN PHARMACEUTICAL BIOTECHNOLOGY CO., LTD",
BAYER HEALTHCARE LLC,
Ingersoll-Rand Company,
Schreder S.A.,
Waymo LLC,
NATIONAL SEMICONDUCTOR CORPORATION,
JUNGHEINRICH AKTIENGESELLSCHAFT,
"Pathfinder Systems, Inc.",
SONY CORPORATION,
"Sumitomo Special Metals Co., Ltd.",
VT Nuclear Services Limited,
Kawasaki Steel Corporation,
NOVOZYMES A/S,
UTC Power Corporation,
Goldman Sachs & Co. LLC,
UNITED TECHNOLOGIES CORPORATION,
WABTEC HOLDING CORP.,
SYNDEFENSE CORP,
WALSIN TECHNOLOGY CORPORATION,
Nokia Corporation,
VEECO INSTRUMENTS INC.,
Siemens Healthcare Diagnostics Inc.,
YAMAHA CORPORATION,
"CHENG UEI PRECISION INDUSTRY CO., LTD.",
AEG Elotherm GmbH,
Momentive Performance Materials GmbH,
The Dow Chemical Company,
General Motors LLC,
"Battenfield Technologies, Inc.",
"J.A. WOOLLAM CO., INC.",
Michelin Recherche Et Technique,
"HITACHI, LTD.",
GTE Products Corporation,
"MITSUBISHI HEAVY INDUSTRIES, LTD.",
"Advanced Micro Devices, Inc.",
Oki Data Corporation,
"Samsung Display Co., Ltd.",
"Oki Electric Industry Co., Ltd.",
"American Regent, Inc.",
The Dow Chemical Company,
Ford Motor Company,
American Sterilizer Company,
Lanxide Technology Company,
MITSUBISHI JIDOSHA KOGYO KABUSHIKI KAISHA,
"Sumitomo Aluminium Smelting Company, Ltd.",
Danisco US Inc.,
CANON KABUSHIKI KAISHA,
LG ELECTRONICS INC.,
SHIMANO INC.,
"Tomy Kogyo Co., Ltd.",
Draiswerke GmbH,
ADEKA CORPORATION,
DELL INTERNATIONAL L.L.C.,
International Business Machines Corporation,
Telefonaktiebolaget LM Ericsson (Publ),
VIAVI Solutions Inc.,
The Singer Company Limited,
Joe Jenius Inc.,
"Taiwan Semiconductor Manufacturing Company, Ltd.",
SONY CORPORATION,
Google LLC,
Rockwell International Corporation,
"SUMITOMO ELECTRIC INDUSTRIES, LTD.",
Actrans System Inc.,
Ericsson AB,
"Samsung Display Co., Ltd.",
CANON KABUSHIKI KAISHA,
Rocol Group Limited,
ERICSSON GMBH,
EASTMAN KODAK COMPANY,
STMICROELECTRONICS S.r.l.,
"Zhejiang Prulde Electric Appliance Co., Ltd.",
"University of Maryland, Baltimore",
"Professional Dental Technologies, Inc.",
SHELL OIL COMPANY,
"Conexant Systems, LLC",
"ASMO CO., LTD.",
PFIZER INC.,
"RICOH COMPANY, LTD.",
"Macronix International Co., Ltd.",
"Pinnacle Vista, LLC",
AISAN KOGYO KABUSHIKI KAISHA,
Schlage Lock Company LLC,
"SUMITOMO ELECTRIC INDUSTRIES, LTD.",
International Business Machines Corporation,
ROBERT BOSCH GMBH,
Telefonaktiebolaget LM Ericsson (Publ),
"Harley-Davidson Motor Company, Inc.",
CUPP Computing AS,
"Chunghwa Picture Tubes, LTD.",
Schlumberger Technology Corporation,
DSM N.V.,
"Samsung Display Co., Ltd.",
"National Technology & Engineering Solutions of Sandia, LLC",
ECHOSTAR TECHNOLOGIES INTERNATIONAL CORPORATION,
"Ford Global Technologies, LLC",
DAIDO METAL COMPANY LTD.,
Anderson & Vreelan,
HAMILTON SUNDSTRAND CORPORATION,
Lintec Corporation,
Novartis AG,
Apple Inc.,
"American Telephone and Telegraph Company, AT&T Bell Laboratories",
"Arco Chemical Technology, LP",
Spansion LLC.,
Volocopter GmbH,
"T.F.H. PUBLICATIONS, INC.",
The Board of Trustees for the Leland Stanford Junior University,
Monsanto Technology LLC,
Steelcase Development Corporation,
"Chengdu Monolithic Power Systems Co., Ltd.",
"Manufacturing Resources International, Inc.",
"The Nielsen Company (US), LLC",
"VMware, Inc.",
King Abdulaziz City for Science and Technology,
"AmideBio, LLC",
SIEMENS AKTIENGESELLSCHAFT,
"Elan Pharmaceuticals, Inc.",
THE FLORIDA INTERNATIONAL UNIVERSITY,
International Business Machines Corporation,
Telefonaktiebolaget LM Ericsson (Publ),
"Samsung Display Co., Ltd.",
LENOVO ENTERPRISE SOLUTIONS (SINGAPORE) PTE. LTD.,
DETRA SA,
J. EBERSPACHER GMBH & CO. KG,
"Chunghwa Picture Tubes, LTD.",
YOTI HOLDING LIMITED,
Toshiba Kikai Kabushiki Kaisha,
SSI Schaefer Peem GmbH,
Infineon Technologies AG,
"FREESCALE SEMICONDUCTOR,INC.",
ELECTRONICS AND TELECOMMUNICATIONS RESEARCH INSTITUTE,
"NSFOCUS TECHNOLOGIES, INC.",
LG ELECTRONICS INC.,
"Integrated Illumination Systems, Inc.",
"Fortinet, Inc.",
International Business Machines Corporation,
"Atwood Mobile Products, LLC",
"DELPHI TECHNOLOGIES, LLC",
Intel Corporation,
Daimlerchrysler AG,
"Magellan Dis, Inc.",
GM GLOBAL TECHNOLOGY OPERATIONS LLC,
QUALCOMM Incorporated,
"Samsung Display Co., Ltd.",
"Taseto Co., Ltd.",
"SILICON STORAGE TECHNOLOGY, INC.",
"Samsung Display Co., Ltd.",
TENCENT TECHNOLOGY (SHENZHEN) COMPANY LIMITED,
Apple Inc.,
"Pacific Handy Cutter, Inc.",
Elwha LLC,
"Micron Technology, Inc.",
Konecranes PLC,
Emerson Electric Co.,
"Semiconductor Energy Laboratory Co., Ltd.",
SCHERING CORPORATION,
"BOE TECHNOLOGY GROUP CO., LTD.",
Nokia Siemens Networks Oy,
"Dennis Garberg and Associates, Inc.",
"Samsung Display Co., Ltd.",
ATI Technologies Inc.,
"Ampower Technology Co., Ltd.",
SIEMENS AKTIENGESELLSCHAFT,
Deere & Company,
DENKA COMPANY LIMITED,
"Sensormatic Electronics, LLC",
"Evans Marine, Inc.",
"MITSUBISHI HEAVY INDUSTRIES, LTD.",
LG ELECTRONICS INC.,
"DONGWOO FINE-CHEM CO., LTD.",
CONTINENTAL AUTOMOTIVE GMBH,
Stauffer Chemical Company,
"BEIJING JINGDONG CENTURY TRADING CO., LTD",
GM GLOBAL TECHNOLOGY OPERATIONS LLC,
Intel IP Corporation,
QUALCOMM Incorporated,
International Business Machines Corporation,
"SIEMENS ENERGY & AUTOMATION, INC.",
Eternal Technology Corporation,
"Qiegen North American Holdings, Inc",
"ZIMMER, INC.",
"Micron Technology, Inc.",
ACF Industries Incorporated,
"Yangzhou Yilin Biotechnology Co., Ltd",
Grammer Sitzsysteme GmbH,
"Motorola, Inc.",
AUDI AG,
LIBBEY GLASS INC.,
SIEMENS AKTIENGESELLSCHAFT,
"NSK Precision Co., Ltd.",
Texas Instruments Incorporated,
Asea Brown Boverti AG,
SCHNELL S.P.A.,
Digisense Ltd.,
Heidelberger Druckmaschinen AG,
FUJITSU LIMITED,
UNIVATION TECHNOLOGIES LLC,
Nagracard S.A.,
"Novell, Inc.",
Cypress Semiconductor Corporation,
GM GLOBAL TECHNOLOGY OPERATIONS LLC,
"Electro-Motive Diesel, Inc.",
ROBERT BOSCH GMBH,
International Business Machines Corporation,
Arch Development Corporation,
Seiko Epson Corporation,
Kwonnie Industries Limited,
"Subsurface, Inc.",
"School Specialty, LLC",
EASTMAN KODAK COMPANY,
Acushnet Company,
Spectronics Corporation,
"Taiwan Semiconductor Manufacturing Company, Ltd.",
TOYOTA JIDOSHA KABUSHIKI KAISHA,
"Ford New Holland, Inc.",
Semiconductor Manufacturing International (Shanghai) Corporation,
OLYMPUS CORPORATION,
Storage Technology Corporation,
Cooper Industries Holdings,
"Warrior Sports, Inc.",
International Business Machines Corporation,
SIEMENS AKTIENGESELLSCHAFT,
SONY CORPORATION,
ALCATEL,
Webasto-Schade GmbH,
Deere & Company,
Cabot Corporation,
RISST Ltd.,
Pioneer Display Products Corporation,
Intel Corporation,
"Dip-Tech, Ltd.",
"HONDA MOTOR CO., LTD.",
"CISCO TECHNOLOGY, INC.",
Dow Global Technologies LLC,
The Agency of Industrial Science and Technology,
"OmniVision Technologies, Inc.",
"MITSUBISHI HEAVY INDUSTRIES, LTD.",
"KANA SOFTWARE, INC.",
"APPLIED MATERIALS, INC.",
Landmark Graphics Corporation,
BARCO N.V.,
Lantiq Deutschland GmbH,
Basell Poliolefine Italia S.r.l.,
Abbott Laboratories,
"Brandebury Tool Company, Inc.",
MTU Aero Engines AG,
IGT,
Sunbeam Plastics Corporation,
"Genentech, Inc.",
ROBERT BOSCH GMBH,
Rotesco Limited,
"DAI NIPPON PRINTING CO., LTD.",
LUCENT TECHNOLOGIES INC.,
Telefonaktiebolaget LM Ericsson (Publ),
KABUSHIKI KAISHA TOSHIBA,
Honeywell International Inc.,
Microsoft Corporation,
EASTMAN KODAK COMPANY,
"Mitochondria Emotion, Inc.",
GM GLOBAL TECHNOLOGY OPERATIONS LLC,
"Daniel Measurement and Control, Inc.",
McDonnell Douglas Corporation,
"IOMED, INC.",
Tencor Instruments,
"ASAHI DIAMOND INDUSTRIAL CO., LTD.",
Signode Industrial Group LLC,
International Business Machines Corporation,
Silicon Space Technology Corporation,
HUBEI UNIVERSITY OF EDUCATION,
NEC CORPORATION,
Seiko Instruments & Electronics Ltd.,
VAN ANDEL RESEARCH INSTITUTE,
Chrysler Group LLC,
SIEMENS GAMESA RENEWABLE ENERGY A/S,
EMC IP Holding Company LLC,
"Liquid Solutions, Inc.",
Department of Health and Human Services,
FREEBIT AS,
"Riley Power, Inc.",
Electrolux Home Products Corporation N. V.,
Apple Inc.,
FUJIFILM Corporation,
Freudenberg Household Products LP,
KABUSHIKI KAISHA TOSHIBA,
"CRUCIBLE, LLC",
The United States of America as represented by the Administrator of the National Aeronautics and Space Administration,
"Canon U.S.A., Inc.",
Hyundai Motor Company,
"CertusView Technologies, LLC",
Gas Research Institute,
SIEMENS AKTIENGESELLSCHAFT,
"Owens Corning Intellectual Capital, LLC",
"HANGZHOU BIOTEST BIOTECH CO., LTD.",
Digital Equipment Corporation,
"CARGILL, INCORPORATED",
RESEARCH IN MOTION LIMITED,
Lockheed Martin Energy Research Corporation,
CyberOptics Corporation,
General Electric Company,
"Ford Global Technologies, LLC",
"MITSUBISHI HEAVY INDUSTRIES, LTD.",
"Energizer Brands, LLC",
"INTEGRATED ENVIORNMENTALSOLUTIONS, LTD.",
"Koolbridge Solar, Inc.",
ARIZONA BOARD OF REGENTS ON BEHALF OF THE UNIVERSITY OF ARIZONA,
"HANGZHOU BENSHENG PHARMACEUTICAL CO., LTD.",
FUJIFILM Corporation,
Societe d'Automatisme et de Reglage Optique,
"Integrated Device Technology, Inc.",
"Samsung Display Co., Ltd.",
Union Oil Company of California,
The Procter and Gamble Company,
"Samsung Display Co., Ltd.",
Northwestern University,
SCHERING CORPORATION,
Lonza Ltd,
"Samsung Display Co., Ltd.",
"SUMITOMO OSAKA CEMENT CO., LTD.",
Seiko Epson Corporation,
Institute for Basic Science,
"Sonos, Inc.",
Ciena Corporation,
"LG Display Co., Ltd.",
AfM Technology GmbH,
IFP ENERGIES NOUVELLES,
"BOE TECHNOLOGY GROUP CO., LTD.",
Sun Microsystems Inc.,
"Machida Endoscope Co., Ltd.",
MITOTOYO CORPORATION,
"Graphic, Inc.",
FCA US LLC,
"NEC LCD Technologies, Ltd.",
McDonnell Douglas Corporation,
"Pioneer Square Brands, Inc.",
Asahi Kasei Kabushiki Kaisha,
Adobe Inc.,
"GLOBERIDE, INC.",
"Anonyome Labs, Inc.",
Sun Microsystems Inc.,
"CISCO TECHNOLOGY, INC.",
"IRISO ELECTRONICS CO., LTD.",
MITSUBISHI CHEMICAL CORPORATION,
COUPANG CORP.,
"UTC Fuel Cells, LLC",
G.B.D. CORP.,
"The Yokohama Rubber Co., LTD.",
Avaya Technology LLC,
THE GOODYEAR TIRE & RUBBER COMPANY,
"Siemens Hearing Instruments, Inc.",
MOSEL VITELIC INC.,
"Bio-Metric Systems, Inc.",
TREND MICRO INCORPORATED,
KOREA ATOMIC ENERGY RESEARCH INSTITUTE,
"Gree Electric Appliances, Inc. of Zhuhai",
EMC Corporation,
"HITACHI, LTD.",
"RICOH COMPANY, LTD.",
OIL-RITE CORPORATION,
Cimon Medical AS,
I-Spade Technologies Ltd.,
Caplan Energy Recovery Systems Limited,
ATDBIO LTD.,
"Artis Solutions Co., Ltd",
"TAIYO YUDEN CO., LTD.",
Kabushiki Kaisha Mitutoyo Seisakusho,
Container Products Corporation,
Romark Laboratories L.C.,
Hoffmann-La Roche Inc.,
CANON KABUSHIKI KAISHA,
Cerus Corporation,
"Sonneman Design Group, Inc.",
"METALDYNE, LLC",
Deere & Company,
"Miles Laboratories, Inc.",
"Alcon Research, Ltd.",
"The Brigham and Women's Hospital, Inc.",
Metso Paper Inc.,
"New York Society for the Relief of the Ruptured and Crippled, maintaining the Hospital for Special Surgery",
VESTURE LLC,
"SUMITOMO ELECTRIC INDUSTRIES, LTD.",
International Business Machines Corporation,
"HITACHI, LTD.",
CANON KABUSHIKI KAISHA,
"Taiwan Semiconductor Manufacturing Company, Ltd.",
Fruehauf Corporation,
Sihl GmbH,
AREVA NP,
NXP B.V.,
"Vidriera Monterrey, S.A.",
Chicago Mercantile Exchange Inc.,
"Shenzhen China Star Optoelectronics Technology Co., Ltd.",
TOYOTA JIDOSHA KABUSHIKI KAISHA,
Hitachi High-Tech Science Corporation,
"Futurewei Technologies, Inc.",
GS YUASA INTERNATIONAL LTD.,
Societe Francaise d'Equipements pour la Navigation Aerienne,
"CISCO TECHNOLOGY, INC.",
"Otter Products, LLC",
"Teledyne Licensing, LLC",
FUJIFILM Corporation,
"Shenzhen China Star Optoelectronics Technology Co., Ltd.",
"HILL-ROM, INC.",
"Emerson Climate Technologies (Suzhou) Co., Ltd.",
International Business Machines Corporation,
"ZHUHAI PANTUM ELECTRONICS CO., LTD.",
NEC CORPORATION,
EMITEC Gesellschaft fuer Emissionstechnologie mbH,
"Boeing Information Services, Inc.",
"HON HAI PRECISION INDUSTRY CO., LTD.",
AUTOBRAINS TECHNOLOGIES LTD,
"The Charles Stark Draper Laboratory, Inc.",
"Xomed, Inc.",
Eaton Corporation,
Microchip Technology Incorporated,
Fagersta AB,
"CNH Industrial Canada, Ltd.",
J.W. SPEAKER CORPORATION,
"XILINX, INC.",
"Reilly Industries, Inc.",
"MITSUBISHI HEAVY INDUSTRIES, LTD.",
Sun Microsystems Inc.,
"HITACHI, LTD.",
International Business Machines Corporation,
Pioneer Electronic Corporation,
"Taiwan Semiconductor Manufacturing Company, Ltd.",
"AspenBio Pharma, Inc.",
EMC Corporation,
Fred Hutchinson Cancer Research Center,
Xerox Corporation,
Sola-Kleen Pty. Ltd.,
Asahi Kasei Kabushiki Kaisha,
"CARDIAC PACEMAKERS, INC.",
UOP LLC,
"Samsung Display Co., Ltd.",
Vilter Manufacturing LLC,
Merit-Elektrik GmbH,
International Business Machines Corporation,
NIKON CORPORATION,
"American Tech Manufacturing, Inc.",
SCHOTT ORIM Sanayi ve Ticaret A.S.,
International Business Machines Corporation,
Ab Initio Technology LLC,
"Myriad Genetics, Inc.",
KABUSHIKI KAISHA TOSHIBA,
"Samsung Display Co., Ltd.",
DE' LONGHI APPLIANCES S.R.L. CON UNICO SOCIO,
Brunswick Corporation,
Embro Corporation,
Lattice Semiconductor Corporation,
"OnApproach, LLC",
Kia Motors Corporation,
International Business Machines Corporation,
"Napp Systems, Inc.",
Advantest Corporation,
"PARSONS XTREME GOLF, LLC",
"MURATA MANUFACTURING CO., LTD.",
Grace Italiana S.p.A.,
"Dresser Industries, Inc.",
North Carolina State University,
"Level 3 Communications, LLC",
Apple Inc.,
Unomedical A/S,
CHINA ACADEMY OF TELECOMMUNICATIONS TECHNOLOGY,
Pet Mate Limited,
"Taylor Made Golf Company, Inc.",
HUSQVARNA AB,
Noble Systems Corporation,
"Samsung Display Co., Ltd.",
Nokia Technologies Oy,
UNITED TECHNOLOGIES CORPORATION,
"QUALCOMM MEMS Technologies, Inc.",
"Dainippon Pharmaceutical Co., Ltd.",
Harvest Technologies Corporation,
"Harris Stratex Networks, Inc.",
MEDIATEK SINGAPORE PTE. LTD.,
"T&T Engineering Services, Inc.",
International Business Machines Corporation,
1366 TECHNOLOGIES INC.,
"Samsung Display Co., Ltd.",
FUJIFILM Healthcare Corporation,
Yuh-Cheng Chemical Ltd.,
"Samsung Display Co., Ltd.",
"Ford Global Technologies, LLC",
"PAYPAL, INC.",
"INTEVA PRODUCTS, LLC",
Guardian Industries Corp.,
"NITTO KOHKI CO., LTD.",
Raytheon Company,
BlackBerry Limited,
"Panasonic Intellectual Property Management Co., Ltd.",
ROBERT BOSCH GMBH,
"Rockwell Automation Technologies, Inc.",
"CANTOR INDEX, LLC",
"J.R. Moon Pencil Co., Inc.",
"Motorola, Inc.",
Nokia Corporation,
"TPV Energy Systems, Inc.",
"Redwood Systems, Inc.",
"SUNIC SYSTEMS, LTD.",
STMICROELECTRONICS S.r.l.,
Google LLC,
The George Washington University,
ABBOTT RAPID DIAGNOSTICS INTERNATIONAL UNLIMITED COMPANY,
Dowbrands L.P.,
ZEON CORPORATION,
International Business Machines Corporation,
NEC CORPORATION,
Cummins Inc.,
"Semiconductor Energy Laboratory Co., Ltd.",
"IPC Information Systems, LLC",
TDK CORPORATION,
CORNING INCORPORATED,
Nokia Corporation,
"Samsung Display Co., Ltd.",
Ministry of International Trade & Industry,
Saint-Gobain Vitrage,
HOBART BROTHERS LLC,
STAMPS.COM INC.,
"Angular Motion Technologies, LLC",
SIEMENS GAMESA RENEWABLE ENERGY A/S,
"HITACHI AUTOMOTIVE SYSTEMS, LTD.",
"SHINKO ELECTRIC INDUSTRIES CO., LTD.",
G.D. Searle LLC,
Digital Microwave Corporation,
LINCOLN INDUSTRIAL CORPORATIO,
E. DILLON & COMPANY,
"Interport International, Inc.",
"IDEMITSU KOSAN CO., LTD.",
Telefonaktiebolaget LM Ericsson (Publ),
"AMP Plus, Inc.",
MEGACHIPS CORPORATION,
"MAUI TOYS, INC.",
QUALCOMM Incorporated,
Kohler Co.,
"Chiasma, Inc.",
CANON KABUSHIKI KAISHA,
"Samsung Display Co., Ltd.",
"InterDigital Madison Patent Holdings, SAS",
SWISS MODULE GROUP LLC,
"Taiwan Semiconductor Manufacturing Company, Ltd.",
KONINKLIJKE PHILIPS ELECTRONICS N.V.,
"FITBIT, INC.",
"Sharp Microelectronic Technology, Inc.",
Integra Medical Inc.,
Kyocera Wireless Corp.,
Mobil Oil Corporation,
Idenix Pharmaceuticals LLC,
"Juniper Networks, Inc.",
"FUJI XEROX CO., LTD.",
"Tektronix, Inc.",
"SUMITOMO ELECTRIC INDUSTRIES, LTD.",
"Tyber Medical, LLC",
ELCHIM S.P.A.,
ALCATEL,
"Medtronic, Inc.",
"Micron Technology, Inc.",
"METROPOLITAN INDUSTRIES, INC.",
"PMC-Sierra, Inc.",
Texas Instruments Incorporated,
TELECOM ITALIA S.p.A.,
"Rapiscan Systems, Inc.",
S.I.T.I. Societa Impianti Termoelettrici Industriali (s.a.s.),
Kraton Polymers U.S. LLC,
Conoco Inc.,
"ST Reproductive Technologies, LLC",
Iolab Corporation,
The BOC Group Limited,
TOYOTA JIDOSHA KABUSHIKI KAISHA,
"FREESCALE SEMICONDUCTOR,INC.",
"Structural Metals, Inc.",
SONY CORPORATION,
Nokia Corporation,
Advanced BusinessLink Corporation,
"MITSUI CHEMICALS, INC.",
Intex Marketing Ltd.,
"DEPUY SYNTHES PRODUCTS, INC.",
National Concrete Masonry Association,
"DELPHI TECHNOLOGIES, LLC",
"INTEGRATED DNA TECHNOLOGIES, INC.",
The Research Foundation of State University of New York,
GREDE LLC,
"Panasonic Intellectual Property Management Co., Ltd.",
ABBA THERAPEUTICS AG,
KABUSHIKI KAISHA TOSHIBA,
"Samsung Display Co., Ltd.",
"Samsung Display Co., Ltd.",
FUJITSU COMPONENT LIMITED,
CANON KABUSHIKI KAISHA,
"HITACHI, LTD.",
Google LLC,
QUALCOMM Incorporated,
Aisin-Warner Kabushiki Kaisha,
Branch Banking and Trust Company,
HUSKY CORPORATION,
BlackBerry Limited,
Intel Corporation,
"Foxconn Technology Co., Ltd.",
XAVIER UNIVERSITY,
HAMILTON SUNDSTRAND CORPORATION,
"Vynckier Enclosure Systems, Inc.",
"Chase Medical, L.P.",
Intel Corporation,
"Cruising Equipment, Inc.",
"Micron Technology, Inc.",
"OERLIKON SURFACE SOLUTIONS AG, PFAFFIKON",
Dolby Laboratories Licensing Corporation,
NORSK HYDRO ASA,
Au Optronics Corporation,
"APPLIED MATERIALS, INC.",
Smiths Detection-Watford Limited,
International Business Machines Corporation,
International Business Machines Corporation,
"Medtronic, Inc.",
ALSTOM Transport Technologies,
"Micron Technology, Inc.",
The Mead Corporation,
INTEZYNE TECHNOLOGIES INC.,
NICHIA CORPORATION,
TOSHIBA MEDICAL SYSTEMS CORPORATION,
"SUMITOMO ELECTRIC INDUSTRIES, LTD.",
International Business Machines Corporation,
"Hewlett-Packard Development Company, L.P.",
"NEWVOICEMEDIA, LTD.",
"WONDER INVENTIONS, LLC",
Cambria Company LLC,
Dr. Karl F. Nagele Feinmaschinenbau GmbH & Co,
AKTIEBOLAGET SKF,
Kawasaki Steel Corporation,
Nordson Corporation,
NOKIA SOLUTIONS AND NETWORKS OY,
"Radius Group, LLC",
MASTERCARD INTERNATIONAL INCORPORATED,
The Regents of the University of California,
"Taiwan Semiconductor Manufacturing Company, Ltd.",
"FUNAI ELECTRIC CO., LTD.",
"HIMAX ANALOGIC, INC.",
"DARCO INTERNATIONAL, INC.",
Toyoda Koki Kabushiki Kaisha,
"Sloan Pump Company, Inc.",
WOLO MFG. CORP.,
"New Widetech Industries Co., Ltd.",
Hexcel Corporation,
FUJITSU TEN LIMITED,
Allied Wheel Components,
Intel Corporation,
Novartis AG,
ARCONIC TECHNOLOGIES LLC,
"Ford Global Technologies, LLC",
Apple Inc.,
KONINKLIJKE PHILIPS ELECTRONICS N.V.,
AT&T CORP.,
CXT Incorporated,
UNITED TECHNOLOGIES CORPORATION,
Illinois Tool Works Inc.,
"Tachikawa Spring Co., Ltd.",
Vuzix Corporation,
"Sumitomo Chemical Company, Limited",
"3D SYSTEMS, INC.",
"HONDA MOTOR CO., LTD.",
"Notal Vision, Ltd.",
"Rockwell Collins, Inc.",
"CHECKPOINT SYSTEMS, INC.",
UNITED TECHNOLOGIES CORPORATION,
FUJITSU LIMITED,
Symantec Corporation,
MICHELIN RECHERCHE ET TECHNIQUE S.A.,
General Motors LLC,
"Rhodia, Inc.",
"Samsung Display Co., Ltd.",
SSAB TECHNOLOGY AB,
"General Mills, Inc.",
"HONDA MOTOR CO., LTD.",
"HUAWEI TECHNOLOGIES CO., LTD.",
KABUSHIKI KAISHA TOSHIBA,
KONINKLIJKE PHILIPS N.V.,
Wilson Sporting Goods Co.,
Wistron Corporation,
"FREESCALE SEMICONDUCTOR,INC.",
BASF SE,
QUALCOMM Incorporated,
"CLEAR LAM PACKAGING, INC.",
TERUMO KABUSHIKI KAISHA,
"AMSTED RAIL COMPANY, INC.",
CHINA ACADEMY OF TELECOMMUNICATIONS TECHNOLOGY,
"Kimberly-Clark, Inc.",
CANON KABUSHIKI KAISHA,
ROBERT BOSCH GMBH,
E.I. DU PONT DE NEMOURS AND COMPANY,
"NGK INSULATORS, LTD.",
"The United States of America, as represented by the Secretary, Department of Health and Human Services",
"Automatic Material Handling, Inc.",
"Cadence Design Systems, Inc.",
International Business Machines Corporation,
"Sumitomo Wiring Systems, Ltd.",
"Toyo Machinery & Metal Co., Ltd.",
"NISSAN MOTOR CO., LTD.",
Bristol-Myers Company,
EASTMAN KODAK COMPANY,
RYOBI LTD.,
FIRST DATA CORPORATION,
KABUSHIKI KAISHA TOSHIBA,
"NuFlare Technology, Inc.",
"Ford Global Technologies, LLC",
Advanced Spiral Technology Pty Limited,
Shared Spectrum Company,
American Standard Inc.,
QUEST SOFTWARE INC.,
Agere Systems Inc.,
Delta Materials Research Limited,
FUJITSU LIMITED,
FUJIFILM Corporation,
PANTECH CORPORATION,
"Cidelcem, S.A.",
"MERCK & CO., INC.",
"NISSAN MOTOR CO., LTD.",
"EEMAX, INC.",
"JIANGSU VANGUARD PHARMACEUTICAL CO., LTD.",
David Kopf Instruments,
GLORY LTD.,
"ILLUMINA, INC.",
Broadcom Corporation,
"Samsung Display Co., Ltd.",
The Research Foundation of State University of New York,
DALSA Semiconductor Inc.,
"Choay, S.A.",
"APPLIED MATERIALS, INC.",
Novo Nordisk A/S,
NESTEC S.A.,
Schlumberger Technology Corporation,
Intematix Corporation,
"AIRBNB, INC.",
"HON HAI PRECISION INDUSTRY CO., LTD.",
Visionsense LTD.,
"Samsung Display Co., Ltd.",
Northrop Corporation,
Societe Europeenne de Propulsion,
Pharmacyclics LLC,
"PIONEER HI-BRED INTERNATIONAL, INC.",
RESEARCH IN MOTION LIMITED,
Westinghouse Electric Company LLC,
Kohler Co.,
KABUSHIKI KAISHA TOSHIBA,
Thomson Licensing S.A.,
TRN Business Trust,
Baker Hughes Holdings LLC,
Yoshida Kogyo K.K.,
Johnson Matthey Public Limited Company,
"Samsung Display Co., Ltd.",
"MUSASHI ENGINEERING, INC.",
Dew Engineering and Development Limited,
"Emerging Automotive, LLC",
Neles Inc.,
"AMERICAN TACK & HARDWARE CO., INC.",
"TSI GROUP, CO. LTD",
Kia Motors Corporation,
QUALCOMM Incorporated,
"Hewlett-Packard Development Company, L.P.",
SEAGATE TECHNOLOGY LLC,
"HUAWEI TECHNOLOGIES CO., LTD.",
"NEC Laboratories America, Inc.",
Honeywell International Inc.,
PANASONIC HOLDINGS CORPORATION,
"Dollar Shave Club, Inc.",
AIRBUS OPERATIONS S.L.,
"LG Display Co., Ltd.",
ERICSSON GMBH,
Intel Corporation,
CANON KABUSHIKI KAISHA,
TOYOTA JIDOSHA KABUSHIKI KAISHA,
CANON KABUSHIKI KAISHA,
CANON KABUSHIKI KAISHA,
Linear Instruments,
Oath Inc.,
International Business Machines Corporation,
NATIONAL CHUNG-HSING UNIVERSITY,
LORD Corporation,
UNITED TECHNOLOGIES CORPORATION,
"Nippondenso Co., Ltd.",
TiVo Corporation,
"ABB, Inc.",
IGT,
Saco Tanning Division of Kirstein Leather Co.,
FUJITSU LIMITED,
General Motors LLC,
Kia Motors Corporation,
International Business Machines Corporation,
Daowa Seiko Inc.,
"Skyworks Solutions, Inc.",
PARATY B.V.B.A.,
Monsanto Technology LLC,
King Abdulaziz University,
"Panasonic Intellectual Property Management Co., Ltd.",
Telefonaktiebolaget LM Ericsson (Publ),
International Business Machines Corporation,
FCI Americas Technology LLC,
Takeda Chemical Industries Ltd.,
Maloney Pipeline Products Company,
BASF SE,
"Shenzhen China Star Optoelectronics Technology Co., Ltd.",
VIB VZW,
"THE NIPPON SYNTHETIC CHEMICAL INDUSTRY CO., LTD.",
Korea University Research and Business Foundation,
"Dresser Industries, Inc.",
International Business Machines Corporation,
Raychem Limited,
"ONE-E-WAY, INC.",
KING FAHD UNIVERSITY OF PETROLEUM AND MINERALS,
"GRAHAM PACKAGING COMPANY, L.P.",
"HAL LABORATORY, INC.",
Hybritech Incorporated,
Atwood Vacuum Machine Company,
Hyperion Catalysis International,
"AMERICAN AIRLINES, INC.",
"Samsung Display Co., Ltd.",
"AT&T Intellectual Property I, L.P.",
"Advanced Micro Devices, Inc.",
Texas Instruments Incorporated,
"Wheelmasters, Inc.",
"Epitopix, LLC",
HFI Innovation Inc.,
"Patten Industries, Inc.",
ROBERT BOSCH GMBH,
SONY CORPORATION,
"Tango Labs, Inc.",
SONY COMPUTER ENTERTAINMENT INC.,
Northeastern University,
"Medtronic, Inc.",
International Business Machines Corporation,
Symantec Corporation,
"ev3 Sunnyvale, Inc.",
FUJIFILM Corporation,
"TGK CO., LTD.",
"Oki Electric Industry Co., Ltd.",
"Motorola, Inc.",
Lignotock Verfahrenstechnik GmbH,
Ankerpoort N.V.,
"Oakley, Inc.",
Yeda Research and Development Co. Ltd.,
"CHANGZHOU PATENT ELECTRONIC TECHNOLOGY CO., LTD.",
SONY CORPORATION,
TIME WARNER CABLE ENTERPRISES LLC,
"APPLIED MATERIALS, INC.",
BRIDGESTONE CORPORATION,
BELDEN CANADA INC.,
Turbine Engine Components Technologies Corporation,
"BAKER HUGHES, A GE COMPANY, LLC",
UNITED MICROELECTRONICS CORP.,
